{
  "errors": [],
  "generated_at": "2019-10-07T08:19:22Z",
  "metrics": {
    "./bot.py": {
      "CONFIDENCE.HIGH": 0.0,
      "CONFIDENCE.LOW": 0.0,
      "CONFIDENCE.MEDIUM": 0.0,
      "CONFIDENCE.UNDEFINED": 0.0,
      "SEVERITY.HIGH": 0.0,
      "SEVERITY.LOW": 0.0,
      "SEVERITY.MEDIUM": 0.0,
      "SEVERITY.UNDEFINED": 0.0,
      "loc": 933,
      "nosec": 0
    },
    "_totals": {
      "CONFIDENCE.HIGH": 2.0,
      "CONFIDENCE.LOW": 0.0,
      "CONFIDENCE.MEDIUM": 1.0,
      "CONFIDENCE.UNDEFINED": 0.0,
      "SEVERITY.HIGH": 0.0,
      "SEVERITY.LOW": 2.0,
      "SEVERITY.MEDIUM": 1.0,
      "SEVERITY.UNDEFINED": 0.0,
      "loc": 7299,
      "nosec": 0
    },
    "cogs/modmail.py": {
      "CONFIDENCE.HIGH": 0.0,
      "CONFIDENCE.LOW": 0.0,
      "CONFIDENCE.MEDIUM": 0.0,
      "CONFIDENCE.UNDEFINED": 0.0,
      "SEVERITY.HIGH": 0.0,
      "SEVERITY.LOW": 0.0,
      "SEVERITY.MEDIUM": 0.0,
      "SEVERITY.UNDEFINED": 0.0,
      "loc": 973,
      "nosec": 0
    },
    "cogs/plugins.py": {
      "CONFIDENCE.HIGH": 1.0,
      "CONFIDENCE.LOW": 0.0,
      "CONFIDENCE.MEDIUM": 0.0,
      "CONFIDENCE.UNDEFINED": 0.0,
      "SEVERITY.HIGH": 0.0,
      "SEVERITY.LOW": 1.0,
      "SEVERITY.MEDIUM": 0.0,
      "SEVERITY.UNDEFINED": 0.0,
      "loc": 537,
      "nosec": 0
    },
    "cogs/utility.py": {
      "CONFIDENCE.HIGH": 1.0,
      "CONFIDENCE.LOW": 0.0,
      "CONFIDENCE.MEDIUM": 0.0,
      "CONFIDENCE.UNDEFINED": 0.0,
      "SEVERITY.HIGH": 0.0,
      "SEVERITY.LOW": 0.0,
      "SEVERITY.MEDIUM": 1.0,
      "SEVERITY.UNDEFINED": 0.0,
      "loc": 1587,
      "nosec": 0
    },
    "core/_color_data.py": {
      "CONFIDENCE.HIGH": 0.0,
      "CONFIDENCE.LOW": 0.0,
      "CONFIDENCE.MEDIUM": 0.0,
      "CONFIDENCE.UNDEFINED": 0.0,
      "SEVERITY.HIGH": 0.0,
      "SEVERITY.LOW": 0.0,
      "SEVERITY.MEDIUM": 0.0,
      "SEVERITY.UNDEFINED": 0.0,
      "loc": 1168,
      "nosec": 0
    },
    "core/changelog.py": {
      "CONFIDENCE.HIGH": 0.0,
      "CONFIDENCE.LOW": 0.0,
      "CONFIDENCE.MEDIUM": 0.0,
      "CONFIDENCE.UNDEFINED": 0.0,
      "SEVERITY.HIGH": 0.0,
      "SEVERITY.LOW": 0.0,
      "SEVERITY.MEDIUM": 0.0,
      "SEVERITY.UNDEFINED": 0.0,
      "loc": 154,
      "nosec": 0
    },
    "core/checks.py": {
      "CONFIDENCE.HIGH": 0.0,
      "CONFIDENCE.LOW": 0.0,
      "CONFIDENCE.MEDIUM": 0.0,
      "CONFIDENCE.UNDEFINED": 0.0,
      "SEVERITY.HIGH": 0.0,
      "SEVERITY.LOW": 0.0,
      "SEVERITY.MEDIUM": 0.0,
      "SEVERITY.UNDEFINED": 0.0,
      "loc": 75,
      "nosec": 0
    },
    "core/clients.py": {
      "CONFIDENCE.HIGH": 0.0,
      "CONFIDENCE.LOW": 0.0,
      "CONFIDENCE.MEDIUM": 0.0,
      "CONFIDENCE.UNDEFINED": 0.0,
      "SEVERITY.HIGH": 0.0,
      "SEVERITY.LOW": 0.0,
      "SEVERITY.MEDIUM": 0.0,
      "SEVERITY.UNDEFINED": 0.0,
      "loc": 200,
      "nosec": 0
    },
    "core/config.py": {
      "CONFIDENCE.HIGH": 0.0,
      "CONFIDENCE.LOW": 0.0,
      "CONFIDENCE.MEDIUM": 0.0,
      "CONFIDENCE.UNDEFINED": 0.0,
      "SEVERITY.HIGH": 0.0,
      "SEVERITY.LOW": 0.0,
      "SEVERITY.MEDIUM": 0.0,
      "SEVERITY.UNDEFINED": 0.0,
      "loc": 276,
      "nosec": 0
    },
    "core/decorators.py": {
      "CONFIDENCE.HIGH": 0.0,
      "CONFIDENCE.LOW": 0.0,
      "CONFIDENCE.MEDIUM": 0.0,
      "CONFIDENCE.UNDEFINED": 0.0,
      "SEVERITY.HIGH": 0.0,
      "SEVERITY.LOW": 0.0,
      "SEVERITY.MEDIUM": 0.0,
      "SEVERITY.UNDEFINED": 0.0,
      "loc": 7,
      "nosec": 0
    },
    "core/models.py": {
      "CONFIDENCE.HIGH": 0.0,
      "CONFIDENCE.LOW": 0.0,
      "CONFIDENCE.MEDIUM": 0.0,
      "CONFIDENCE.UNDEFINED": 0.0,
      "SEVERITY.HIGH": 0.0,
      "SEVERITY.LOW": 0.0,
      "SEVERITY.MEDIUM": 0.0,
      "SEVERITY.UNDEFINED": 0.0,
      "loc": 91,
      "nosec": 0
    },
    "core/paginator.py": {
      "CONFIDENCE.HIGH": 0.0,
      "CONFIDENCE.LOW": 0.0,
      "CONFIDENCE.MEDIUM": 0.0,
      "CONFIDENCE.UNDEFINED": 0.0,
      "SEVERITY.HIGH": 0.0,
      "SEVERITY.LOW": 0.0,
      "SEVERITY.MEDIUM": 0.0,
      "SEVERITY.UNDEFINED": 0.0,
      "loc": 214,
      "nosec": 0
    },
    "core/thread.py": {
      "CONFIDENCE.HIGH": 0.0,
      "CONFIDENCE.LOW": 0.0,
      "CONFIDENCE.MEDIUM": 0.0,
      "CONFIDENCE.UNDEFINED": 0.0,
      "SEVERITY.HIGH": 0.0,
      "SEVERITY.LOW": 0.0,
      "SEVERITY.MEDIUM": 0.0,
      "SEVERITY.UNDEFINED": 0.0,
      "loc": 716,
      "nosec": 0
    },
    "core/time.py": {
      "CONFIDENCE.HIGH": 0.0,
      "CONFIDENCE.LOW": 0.0,
      "CONFIDENCE.MEDIUM": 0.0,
      "CONFIDENCE.UNDEFINED": 0.0,
      "SEVERITY.HIGH": 0.0,
      "SEVERITY.LOW": 0.0,
      "SEVERITY.MEDIUM": 0.0,
      "SEVERITY.UNDEFINED": 0.0,
      "loc": 169,
      "nosec": 0
    },
    "core/utils.py": {
      "CONFIDENCE.HIGH": 0.0,
      "CONFIDENCE.LOW": 0.0,
      "CONFIDENCE.MEDIUM": 1.0,
      "CONFIDENCE.UNDEFINED": 0.0,
      "SEVERITY.HIGH": 0.0,
      "SEVERITY.LOW": 1.0,
      "SEVERITY.MEDIUM": 0.0,
      "SEVERITY.UNDEFINED": 0.0,
      "loc": 199,
      "nosec": 0
    }
  },
  "results": [
    {
      "code": "14 from site import USER_SITE\n15 from subprocess import PIPE\n16 \n17 import discord\n",
      "filename": "cogs/plugins.py",
      "issue_confidence": "HIGH",
      "issue_severity": "LOW",
      "issue_text": "Consider possible security implications associated with PIPE module.",
      "line_number": 15,
      "line_range": [
        15,
        16
      ],
      "more_info": "https://bandit.readthedocs.io/en/latest/blacklists/blacklist_imports.html#b404-import-subprocess",
      "test_id": "B404",
      "test_name": "blacklist"
    },
    {
      "code": "1824         try:\n1825             exec(to_compile, env)  # pylint: disable=exec-used\n1826         except Exception as exc:\n",
      "filename": "cogs/utility.py",
      "issue_confidence": "HIGH",
      "issue_severity": "MEDIUM",
      "issue_text": "Use of exec detected.",
      "line_number": 1825,
      "line_range": [
        1825
      ],
      "more_info": "https://bandit.readthedocs.io/en/latest/plugins/b102_exec_used.html",
      "test_id": "B102",
      "test_name": "exec_used"
    },
    {
      "code": "219         for token in shlex.shlex(alias, punctuation_chars=\"&\"):\n220             if token != \"&&\":\n221                 buffer += \" \" + token\n",
      "filename": "core/utils.py",
      "issue_confidence": "MEDIUM",
      "issue_severity": "LOW",
      "issue_text": "Possible hardcoded password: '&&'",
      "line_number": 220,
      "line_range": [
        220
      ],
      "more_info": "https://bandit.readthedocs.io/en/latest/plugins/b105_hardcoded_password_string.html",
      "test_id": "B105",
      "test_name": "hardcoded_password_string"
    }
  ]
}